,pathology,radio,EGFR,KRAS,RBM10,TP53,Smoking Status,Gender,Race,ROI_area,Group
GGO100,MIA,PNS,MUT,WT,WT,WT,Unknown,M,White,1.8947795954685998,Group3
GGO101,AIS,PNS,WT,WT,WT,WT,Current smokes,M,White,2.5636300064745594,Group3
GGO105,MIA,PNS,WT,WT,WT,WT,Current smokes,M,White,2.3087218650539234,Group1
GGO106,MIA,PNS,WT,MUT,WT,WT,Former smokes,F,White,2.2156834414247477,Group1
GGO107,AIS,PNS,MUT,WT,MUT,WT,Former smokes,F,White,2.259684436428571,Group1
GGO108,MIA,PNS,WT,MUT,WT,WT,Former smokes,F,White,2.3284834404407784,Group3
GGO109,MIA,PNS,MUT,WT,WT,WT,Former smokes,F,White,2.3036618304156278,Group3
GGO110,AIS,PNS,MUT,WT,WT,MUT,Never,F,White,2.317256113069945,Group4
GGO112,MIA,PNS,WT,MUT,WT,WT,Former smokes,F,White,2.108690054576302,Group1
GGO114,AIS,PNS,MUT,WT,MUT,MUT,Never,F,Asian,3.827210504499278,Group1
GGO121,MIA,PS,MUT,WT,WT,WT,Former smokes,F,White,2.3798053858517587,Group4
GGO122,MIA,PNS,MUT,WT,WT,WT,Former smokes,F,White,2.211447138555044,Group4
GGO127,MIA,PS,MUT,WT,WT,WT,Former smokes,M,Asian,2.154880252656247,Group1
GGO129,MIA,PNS,WT,WT,MUT,WT,Former smokes,F,Black or African American,2.141343103737985,Group1
GGO130,MIA,PNS,WT,WT,WT,WT,Current smokes,F,Unknown,2.1741626063271293,Group3
GGO133,AIS,PNS,WT,WT,MUT,WT,Former smokes,F,White,2.14848813888113,Group3
GGO134,MIA,PS,WT,WT,MUT,WT,Current smokes,F,White,2.0096177378958107,Group1
GGO137,MIA,PNS,WT,WT,MUT,WT,Former smokes,M,Unknown,2.324224346578052,Group1
GGO140,IAC,PNS,MUT,WT,WT,MUT,Former smokes,Male,Black or African American,2.4372126071226305,Group4
GGO149,AIS,PS,WT,MUT,MUT,WT,Current smokes,F,White,1.9753726039709498,Group1
GGO152,MIA,PS,MUT,MUT,WT,WT,Former smokes,M,White,2.1627449609677374,Group3
GGO153,AIS,S,MUT,WT,WT,WT,Former smokes,M,Asian,2.3525986080641834,Group3
GGO154,AIS,PS,WT,WT,WT,WT,Former smokes,F,White,2.5183670528231294,Group3
GGO158,AIS,PS,WT,WT,WT,WT,Former smokes,F,White,2.0451590062962963,Group1
GGO161,AIS,,WT,WT,MUT,WT,Former smokes,M,Asian,2.200285256050094,Group1
GGO170,AIS,PNS,MUT,WT,WT,WT,Former smokes,M,Asian,2.3793700414541545,Group3
GGO171,MIA,PNS,WT,WT,WT,WT,Former smokes,M,White,2.5671265701498465,Group3
GGO177,AIS,S,,,,,Former smokes,F,White,2.213286678756443,Group2
GGO180,MIA,PNS,,,,,Never,F,Asian,1.8464930262804198,Group1
GGO187,AIS,PS,WT,WT,WT,WT,Never,F,Other,2.4513136819068304,Group3
GGO199,IAC,PS,MUT,WT,WT,WT,Never,M,White,2.2130167170181405,Group1
GGO200,MIA,PNS,WT,WT,WT,WT,Never,M,White,2.1093385150031776,Group1
GGO201,MIA,S,MUT,WT,MUT,WT,Never,F,White,2.185217207581557,Group3
GGO206,MIA,PS,MUT,WT,WT,WT,Former smokes,F,White,2.0995449749032398,Group2
GGO210,MIA,PNS,WT,WT,WT,WT,Never,M,White,2.1700845467714283,Group3
GGO212,AIS,S,WT,WT,WT,WT,Never,F,White,2.2804601175373236,Group3
GGO217,MIA,PS,MUT,WT,WT,WT,Former smokes,M,White,2.0149743335822783,Group1
GGO218,AIS,PS,MUT,WT,WT,WT,Former smokes,M,White,1.7770855280086881,Group1
GGO221,IAC,PS,,,,,Former smokes,M,White,2.870829927500653,Group4
GGO222,IAC,,,,,,Former smokes,M,White,2.3552060397643357,Group4
GGO223,AIS,,WT,WT,MUT,WT,Former smokes,M,White,2.103851820257484,Group2
GGO227,MIA,PNS,WT,MUT,WT,WT,Former smokes,M,White,2.252421333513987,Group3
GGO231,IAC,PNS,WT,WT,WT,WT,Former smokes,F,White,2.183145933998872,Group3
GGO234,AIS,PNS,,,,,Current smokes,F,Unknown,1.799698776431321,Group1
GGO235,AIS,S,WT,WT,WT,MUT,Former smokes,M,White,2.358077752838799,Group3
GGO236,IAC,S,MUT,WT,WT,MUT,Former smokes,F,White,4.620035773666427,Group3
GGO244,MIA,PNS,,,,,Former smokes,F,White,4.65560001213985,Group3
GGO246,IAC,PS,WT,WT,WT,WT,Former smokes,F,White,5.329919826016073,Group3
GGO247,AIS,PNS,WT,MUT,WT,WT,Former smokes,F,White,2.1668611363760535,Group1
GGO249,IAC,S,WT,WT,WT,WT,Former smokes,F,White,2.3370526359686807,Group3
GGO250,IAC,PNS,MUT,WT,MUT,WT,Never,F,White,2.7086002530569067,Group4
GGO252,IAC,PNS,,,,,Never,F,White,2.33046783666319,Group3
GGO253,IAC,PS,MUT,WT,WT,MUT,Former smokes,F,White,2.247081801672865,Group3
GGO256,IAC,PS,MUT,WT,WT,WT,Never,F,White,2.393820542857143,Group4
GGO257,MIA,PS,WT,WT,WT,WT,Former smokes,F,White,2.465487318084226,Group3
GGO261,IAC,PNS,WT,WT,WT,WT,Never,F,Asian,2.2441391233357355,Group4
GGO263,IAC,PS,MUT,WT,WT,WT,Never,F,White,2.4906848454267854,Group3
GGO264,IAC,S,WT,WT,WT,MUT,Former smokes,M,White,2.611231589404416,Group3
GGO267,MIA,PS,MUT,WT,WT,WT,Former smokes,F,White,2.546148287012025,Group4
GGO269,MIA,PNS,WT,MUT,WT,WT,Former smokes,M,White,2.7970773183918967,Group1
GGO271,AIS,PNS,,,,,Former smokes,F,White,2.6751016619010004,Group3
GGO275,MIA,PS,WT,WT,WT,WT,Former smokes,F,White,2.205739901824953,Group3
GGO276,MIA,PNS,MUT,WT,WT,MUT,,F,White,2.2291313849924412,Group1
GGO278,AIS,PNS,WT,MUT,WT,WT,Former smokes,M,White,2.0071752237743947,Group3
GGO279,AIS,S,MUT,WT,WT,WT,Former smokes,F,White,2.3506830442498874,Group2
GGO280,AIS,S,MUT,WT,WT,WT,Former smokes,F,White,2.4926568143365646,Group1
GGO283,AIS,S,WT,MUT,WT,WT,Former smokes,F,White,2.3156894086103508,Group4
GGO286,AIS,PNS,WT,WT,WT,WT,Former smokes,F,White,2.2706065071302595,Group4
GGO287,IAC,PS,WT,MUT,WT,WT,Former smokes,M,African American,2.100403825885159,Group2
GGO288,MIA,PNS,WT,MUT,WT,WT,Former smokes,M,White,2.168799799932932,Group4
GGO289,AIS,PS,WT,WT,MUT,WT,Former smokes,M,White,1.7548646232627196,Group3
GGO291,AIS,PNS,WT,WT,MUT,WT,Former smokes,F,White,0.8175410718135018,Group1
GGO292,MIA,PNS,WT,MUT,WT,WT,Former smokes,F,White,1.9324042171444493,Group3
GGO293,AIS,,WT,WT,WT,WT,Former smokes,F,White,1.8707823754730717,Group1
GGO294,AIS,,WT,WT,WT,WT,Former smokes,F,White,1.8006402138939854,Group1
GGO295,MIA,S,WT,WT,WT,MUT,Former smokes,F,White,1.9094109863945579,Group1
GGO299,AIS,PNS,WT,WT,WT,WT,Former smokes,F,White,1.837979632682217,Group1
GGO304,IAC,PS,,,,,Former smokes,F,White,2.4205152814741164,Group3
GGO305,AIS,PNS,MUT,WT,MUT,WT,Never,F,Asian,2.3341267206867213,Group1
GGO308,MIA,PNS,MUT,WT,MUT,MUT,Current smokes,F,Unknown,2.1988355979609815,Group1
GGO309,AIS,PS,,,,,Never,F,Asian,2.5353193483903462,Group3
GGO310,IAC,PS,WT,MUT,MUT,WT,Former smokes,F,White,2.503144544433037,Group3
GGO312,IAC,S,MUT,WT,WT,MUT,Former smokes,F,White,2.4885731349008555,Group4
GGO313,IAC,S,MUT,WT,WT,MUT,Former smokes,M,White,2.736055790804632,Group4
GGO319,AIS,PNS,WT,WT,MUT,WT,Current smokes,M,White,2.449152806098824,Group4
GGO322,IAC,PS,,,,,Never,F,White,2.0108523367133895,Group4
GGO328,MIA,PS,MUT,MUT,WT,WT,Former smokes,F,White,2.275846956587036,Group3
GGO332,MIA,S,MUT,WT,MUT,WT,Never,F,Asian,2.096642737640183,Group1
GGO335,IAC,S,MUT,WT,MUT,WT,Never,F,White,2.231360853725142,Group4
GGO340,IAC,S,MUT,MUT,WT,MUT,Former smokes,M,Asian,1.0127598948619285,Group1
GGO346,MIA,S,WT,MUT,MUT,WT,Former smokes,,Unknown,2.327818782123275,Group3
GGO349,IAC,S,,,,,Former smokes,F,White,2.2446796920351986,Group4
GGO352,AIS,PNS,WT,WT,WT,WT,Current smokes,M,White,1.9148568942597994,Group1
GGO354,MIA,PNS,,,,,Former smokes,M,White,2.402453701646224,Group3
GGO357,MIA,PNS,WT,MUT,MUT,WT,Former smokes,F,White,2.2291402909873956,Group4
GGO358,AIS,PNS,WT,MUT,WT,MUT,Former smokes,F,White,2.1708859811830874,Group1
GGO360,IAC,,,,,,Former smokes,F,White,2.248753472387543,Group4
GGO365,MIA,PNS,WT,MUT,MUT,WT,Former smokes,M,White,2.326485311645569,Group4
GGO367,AIS,PNS,WT,MUT,WT,WT,Former smokes,F,White,2.2116736327220323,Group2
GGO369,AIS,PNS,WT,MUT,WT,MUT,Former smokes,F,White,1.8116953966089966,Group1
GGO372,IAC,PNS,MUT,WT,MUT,WT,Former smokes,F,White,2.327266369172696,Group4
GGO373,IAC,PNS,WT,MUT,WT,WT,Former smokes,F,White,2.2877189101810984,Group1
GGO374,MIA,PNS,,,,,Current smokes,F,White,2.519839813483757,Group4
GGO375,IAC,S,,,,,Never,M,White,2.6204653155727806,Group3
GGO376,AIS,PNS,,,,,Former smokes,M,White,2.364343915006904,Group4
GGO377,AIS,PNS,WT,WT,MUT,WT,Former smokes,M,White,2.1534308474482247,Group3
GGO380,AIS,PNS,MUT,WT,WT,WT,Never,F,White,3.065066628110562,Group1
GGO381,MIA,PNS,MUT,WT,WT,MUT,Former smokes,F,White,1.1836895186389416,Group3
GGO383,MIA,PNS,MUT,WT,WT,WT,Former smokes,M,White,2.2388417156167284,Group2
GGO385,AIS,PNS,WT,WT,MUT,WT,Never,M,White,2.950024626378064,Group1
GGO386,AIS,PNS,WT,WT,WT,WT,Former smokes,M,White,2.142029543086867,Group3
GGO389,IAC,PNS,WT,MUT,WT,WT,Former smokes,M,White,3.1311058049341067,Group1
GGO390,MIA,PNS,WT,MUT,WT,WT,Former smokes,F,Unknown,2.0421650526913693,Group1
GGO396,IAC,PS,MUT,WT,WT,MUT,Former smokes,F,White,2.2971135600905876,Group3
GGO397,MIA,PNS,MUT,WT,WT,MUT,Never,F,African American,2.2410232710182756,Group3
GGO398,AIS,PS,MUT,WT,WT,WT,Former smokes,F,White,2.4319597205866197,Group3
GGO400,AIS,PS,MUT,WT,WT,WT,Never,F,Asian,2.1989997898142306,Group1
GGO402,IAC,S,WT,MUT,WT,WT,Former smokes,F,White,2.407947726992144,Group3
GGO506,IAC,S,MUT,WT,WT,WT,Former smokes,M,Asian,2.4770238706868097,Group3
GGO507,IAC,S,MUT,WT,WT,WT,Never,F,Asian,2.4331782250240437,Group3
GGO511,IAC,PS,MUT,WT,WT,WT,Former smokes,F,White,2.1663554706446004,Group3
GGO512,IAC,S,WT,WT,WT,MUT,Former smokes,F,White,2.2031690546897753,Group3
